FROM,DATE
7340754873997433354,2023-06-13 23:20:36 UTC
8774111697795,2022-11-28 16:36:36 UTC
-855984452530744127,2022-11-28 09:14:20 UTC
-855984452530744127,2022-11-28 09:14:15 UTC
-4955258956446038259,2022-11-25 18:12:30 UTC
7340754873997433354,2022-10-17 07:33:35 UTC
Mostafa Elnagar,2022-10-15 20:06:03 UTC
Mostafa Elnagar,2022-10-15 20:04:34 UTC
7340754873997433354,2022-10-15 13:03:46 UTC
Mostafa Elnagar,2022-09-22 18:04:16 UTC
8572491444199963561,2022-09-22 16:51:25 UTC
Mostafa Elnagar,2022-09-13 23:12:30 UTC
-8285320086470155408,2022-09-13 23:10:26 UTC
Mostafa Elnagar,2022-09-13 23:02:57 UTC
-8285320086470155408,2022-09-13 14:01:21 UTC
-8285320086470155408,2022-09-13 14:00:54 UTC
Mostafa Elnagar,2022-09-08 11:47:32 UTC
-8285320086470155408,2022-09-08 11:45:28 UTC
Mostafa Elnagar,2022-09-08 11:44:19 UTC
-8285320086470155408,2022-09-08 11:19:58 UTC
3879102807996757512,2022-08-10 20:54:00 UTC
8072075628733641801,2022-07-10 13:39:23 UTC
8072075628733641801,2022-07-10 13:39:17 UTC
Mostafa Elnagar,2022-07-10 08:18:41 UTC
8072075628733641801,2022-07-10 01:37:55 UTC
7340754873997433354,2023-04-02 08:12:55 UTC
7340754873997433354,2023-02-03 18:52:44 UTC
7340754873997433354,2022-11-30 17:25:45 UTC
7340754873997433354,2022-09-21 05:29:30 UTC
-6354770126027804852,2022-07-22 00:54:10 UTC
7340754873997433354,2022-05-22 23:06:50 UTC
7340754873997433354,2022-03-23 07:54:44 UTC
